App,Category,Rating,Reviews,Size,Installs,Type,Price,Rating Roundoff,Genres,Last Updated,Current Ver,Android Ver,Rating Roundoff
Learn To Draw Kawaii Characters,ART_AND_DESIGN,3.2,55,,"5,000+",Free,0.0,3,Art & Design,"June 6, 2018",NaN,4.2 and up,3
RST - Sale of cars on the PCT,AUTO_AND_VEHICLES,3.2,250,,"100,000+",Free,0.0,3,Auto & Vehicles,"April 27, 2018",1.4,4.0.3 and up,3
Cloud of Books,BOOKS_AND_REFERENCE,3.3,1862,,"1,000,000+",Free,0.0,3,Books & Reference,"April 27, 2018",2.2.5,4.1 and up,3
Free Book Reader,BOOKS_AND_REFERENCE,3.4,1680,,"100,000+",Free,0.0,3,Books & Reference,"August 20, 2016",3.05,4.0.3 and up,3
Plugin:AOT v5.0,BUSINESS,3.1,4034,,"100,000+",Free,0.0,3,Business,"September 11, 2015",3.0.1.11 (Build 311),2.2 and up,3
comico Popular Original Cartoon Updated Everyday Comico,COMICS,3.2,93965,,"5,000,000+",Free,0.0,3,Comics,"July 3, 2018",6.3.0,4.0.3 and up,3
Daily Manga - Comic & Webtoon,COMICS,3.2,1446,,"100,000+",Free,0.0,3,Comics,"May 18, 2018",1.0,4.0.3 and up,3
Manga AZ - Manga Comic Reader,COMICS,3.3,125,,"5,000+",Free,0.0,3,Comics,"July 24, 2018",1.0.4,4.0.3 and up,3
eharmony - Online Dating App,DATING,3.1,31320,,"5,000,000+",Free,0.0,3,Dating,"July 30, 2018",6.6.5,4.1 and up,3
Free Dating Hook Up Messenger,DATING,3.3,1157,,"100,000+",Free,0.0,3,Dating,"January 27, 2017",5.0.1,4.2 and up,3
BeWild Free Dating & Chat App,DATING,3.4,1999,,"100,000+",Free,0.0,3,Dating,"February 3, 2017",1.6.5,4.2 and up,3
OurTime Dating for Singles 50+,DATING,3.4,2519,,"100,000+",Free,0.0,3,Dating,"July 25, 2018",1.9.7,4.4 and up,3
FarmersOnly Dating,DATING,3.0,1146,,"100,000+",Free,0.0,3,Dating,"February 25, 2016",2.2,4.0 and up,3
InterracialCupid - Interracial Dating App,DATING,3.4,212,,"50,000+",Free,0.0,3,Dating,"June 13, 2018",2.3.0.1781,5.0 and up,3
Adult Dirty Emojis,DATING,2.8,80,,"10,000+",Free,0.0,3,Dating,"November 6, 2017",1.0,4.0.3 and up,3
Adult Dating - AdultFinder,DATING,3.3,1601,,"500,000+",Free,0.0,3,Dating,"February 1, 2017",1.5,4.1 and up,3
The League,DATING,3.0,837,,"100,000+",Free,0.0,3,Dating,"July 16, 2018",1.15.0,4.4 and up,3
Heart mill,DATING,3.3,4631,,"100,000+",Free,0.0,3,Dating,"August 4, 2018",5.2.14,5.0 and up,3
SilverSingles: The 50+ Dating App,DATING,3.3,149,,"10,000+",Free,0.0,3,Dating,"July 31, 2018",4.8.5,4.0.3 and up,3
"iDates - Chats, Flirts, Dating, Love & Relations",DATING,3.4,13890,,"500,000+",Free,0.0,3,Dating,"June 19, 2018",4.9.2 (Oasis),4.2 and up,3
Adult Dirty Emojis,DATING,2.8,80,,"10,000+",Free,0.0,3,Dating,"November 6, 2017",1.0,4.0.3 and up,3
MouseMingle,DATING,2.7,3,,100+,Free,0.0,3,Dating,"July 17, 2018",1.0.0,4.4 and up,3
Random Chat App with Strangers,DATING,3.0,2,,100+,Free,0.0,3,Dating,"July 17, 2018",2.5,4.0.3 and up,3
UK Girls Mobile Numbers,DATING,3.0,1,,500+,Free,0.0,3,Dating,"July 19, 2018",1.0,4.0.3 and up,3
MouseMingle,DATING,2.7,3,,100+,Free,0.0,3,Dating,"July 17, 2018",1.0.0,4.4 and up,3
Adult Dirty Emojis,DATING,2.8,80,,"10,000+",Free,0.0,3,Dating,"November 6, 2017",1.0,4.0.3 and up,3
Teenage Chat & Dating,DATING,3.4,5,,500+,Free,0.0,3,Dating,"July 9, 2018",1.2,4.1 and up,3
Sugar Daddies Dating App,DATING,2.9,53,,"10,000+",Free,0.0,3,Dating,"July 10, 2018",4.1,4.1 and up,3
Free Dating Hook Up Messenger,DATING,3.3,1157,,"100,000+",Free,0.0,3,Dating,"January 27, 2017",5.0.1,4.2 and up,3
Digital TV,ENTERTAINMENT,3.1,5241,,"5,000,000+",Free,0.0,3,Entertainment,"June 6, 2018",Varies with device,6.0 and up,3
Spectrum TV,ENTERTAINMENT,3.4,46618,,"5,000,000+",Free,0.0,3,Entertainment,"July 19, 2018",Varies with device,Varies with device,3
BBC Media Player,ENTERTAINMENT,3.4,87384,,"10,000,000+",Free,0.0,3,Entertainment,"September 14, 2016",Varies with device,Varies with device,3
Acorn TV: World-class TV from Britain and Beyond,ENTERTAINMENT,3.0,493,,"50,000+",Free,0.0,3,Entertainment,"June 15, 2018",2.0.0,4.4 and up,3
CASHIER,FINANCE,3.3,335738,,"10,000,000+",Free,0.0,3,Finance,"May 3, 2018",Varies with device,Varies with device,3
Rabo Banking,FINANCE,3.4,31906,,"1,000,000+",Free,0.0,3,Finance,"July 19, 2018",5.16.0,4.0 and up,3
McDonald's - McDonald's Japan,FOOD_AND_DRINK,3.4,109784,,"10,000,000+",Free,0.0,3,Food & Drink,"August 3, 2018",4.0.30,4.0.3 and up,3
Pyaterochka,FOOD_AND_DRINK,3.1,8412,,"1,000,000+",Free,0.0,3,Food & Drink,"July 19, 2018",Varies with device,4.4 and up,3
Little Caesars,FOOD_AND_DRINK,3.3,1726,,"500,000+",Free,0.0,3,Food & Drink,"July 19, 2018",4.26,4.4 and up,3
Wendy‚Äôs ‚Äì Food and Offers,FOOD_AND_DRINK,3.4,6507,,"1,000,000+",Free,0.0,3,Food & Drink,"April 12, 2018",5.7.0,4.4 and up,3
LG Health,HEALTH_AND_FITNESS,3.3,20098,,"10,000,000+",Free,0.0,3,Health & Fitness,"May 14, 2018",5.31.75,4.4 and up,3
Free Foreclosure Real Estate Search by USHUD.com,HOUSE_AND_HOME,3.4,287,,"100,000+",Free,0.0,3,House & Home,"May 29, 2018",2.4.2,4.4 and up,3
ColorSnap¬Æ Visualizer,HOUSE_AND_HOME,3.4,3280,,"1,000,000+",Free,0.0,3,House & Home,"June 29, 2018",5.0.1,4.0.3 and up,3
eBiblio,LIBRARIES_AND_DEMO,3.4,2907,,"50,000+",Free,0.0,3,Libraries & Demo,"June 22, 2018",Varies with device,Varies with device,3
V380s,LIBRARIES_AND_DEMO,3.2,1919,,"500,000+",Free,0.0,3,Libraries & Demo,"July 11, 2018",5.9.1,4.1 and up,3
EyeCloud,LIBRARIES_AND_DEMO,3.1,1267,,"100,000+",Free,0.0,3,Libraries & Demo,"August 2, 2018",5.1.2,4.4 and up,3
Entel,LIFESTYLE,3.2,16168,,"1,000,000+",Free,0.0,3,Lifestyle,"July 26, 2018",2.2.9,4.0.3 and up,3
Telstra,LIFESTYLE,3.0,4260,,"5,000,000+",Free,0.0,3,Lifestyle,"August 8, 2017",6.1,2.3.3 and up,3
Family convenience store FamilyMart,LIFESTYLE,3.3,9663,,"1,000,000+",Free,0.0,3,Lifestyle,"July 16, 2018",Version:6.97,4.4 and up,3
Official Matsumoto Kiyoshi application,LIFESTYLE,3.2,3031,,"1,000,000+",Free,0.0,3,Lifestyle,"July 3, 2018",1.5.3,4.0 and up,3
Will it Crush?,GAME,3.1,25825,,"5,000,000+",Free,0.0,3,Simulation,"May 22, 2018",1.3.3,4.4 and up,3
Baseball Boy!,GAME,3.4,148177,,"10,000,000+",Free,0.0,3,Arcade,"July 27, 2018",1.7.2,4.1 and up,3
Anthem Anywhere,MEDICAL,2.7,2657,,"500,000+",Free,0.0,3,Medical,"July 27, 2018",8.0.226,4.4 and up,3
OptumRx,MEDICAL,3.4,1838,,"100,000+",Free,0.0,3,Medical,"July 2, 2018",2.11.0,4.0.3 and up,3
fred's Pharmacy,MEDICAL,3.0,315,,"100,000+",Free,0.0,3,Medical,"October 10, 2017",1.0.02,4.0 and up,3
Delta Dental,MEDICAL,3.0,914,,"100,000+",Free,0.0,3,Medical,"July 17, 2018",4.6.0,5.0 and up,3
Brilliant Distinctions¬Æ,MEDICAL,2.8,78,,"50,000+",Free,0.0,3,Medical,"June 27, 2018",2.2.12,4.4 and up,3
MDLIVE: Talk to a Doctor 24/7,MEDICAL,3.4,650,,"100,000+",Free,0.0,3,Medical,"July 23, 2018",4.23.0,4.4 and up,3
Dexcom G6,MEDICAL,3.0,45,,"5,000+",Free,0.0,3,Medical,"July 16, 2018",1.2.3.2,6.0 and up,3
Tinnitus Alleviator,MEDICAL,3.1,82,,"5,000+",Free,0.0,3,Medical,"December 23, 2017",1.6.17,4.1 and up,3
Dialysis of Drugs,MEDICAL,2.9,92,,"10,000+",Free,0.0,3,Medical,"June 15, 2018",3.1-2018 ‚Äì (13),4.0 and up,3
abeoCoder,MEDICAL,3.1,83,,"10,000+",Free,0.0,3,Medical,"July 30, 2018",6.6,4.1 and up,3
Exposure Ed,MEDICAL,3.0,2,,500+,Free,0.0,3,Medical,"July 17, 2018",1.2.9,4.4 and up,3
Anthem BC Anywhere,MEDICAL,2.6,496,,"100,000+",Free,0.0,3,Medical,"July 27, 2018",8.0.226,4.4 and up,3
Anthem Anywhere,MEDICAL,2.7,2657,,"500,000+",Free,0.0,3,Medical,"July 27, 2018",8.0.226,4.4 and up,3
fred's Pharmacy,MEDICAL,3.0,315,,"100,000+",Free,0.0,3,Medical,"October 10, 2017",1.0.02,4.0 and up,3
ConnectLine,MEDICAL,3.1,253,,"50,000+",Free,0.0,3,Medical,"September 12, 2016",1.3.4,2.3.3 and up,3
Patient Portal,MEDICAL,2.8,66,,"50,000+",Free,0.0,3,Medical,"October 25, 2016",1.0,4.0.3 and up,3
"Jingdong - pick good things, go to Jingdong",SHOPPING,3.3,9189,,"1,000,000+",Free,0.0,3,Shopping,"August 1, 2018",7.0.14,4.0 and up,3
Moto Photo Editor,PHOTOGRAPHY,3.3,3492,,"5,000,000+",Free,0.0,3,Photography,"June 14, 2018",1.5.3.8,7.0 and up,3
NUsport,SPORTS,3.3,1391,,"100,000+",Free,0.0,3,Sports,"May 4, 2018",Varies with device,Varies with device,3
NBC Sports,SPORTS,3.1,78442,,"5,000,000+",Free,0.0,3,Sports,"June 22, 2018",5.12.4,4.1 and up,3
NBC Sports Gold,SPORTS,2.9,3017,,"100,000+",Free,0.0,3,Sports,"July 2, 2018",3.7,4.1 and up,3
PGA TOUR LIVE,SPORTS,3.4,1845,,"100,000+",Free,0.0,3,Sports,"June 7, 2017",1.3.0,4.2 and up,3
Allegiant,TRAVEL_AND_LOCAL,3.1,5572,,"1,000,000+",Free,0.0,3,Travel & Local,"July 12, 2018",5.16.1,4.4 and up,3
JAL (Domestic and international flights),TRAVEL_AND_LOCAL,3.4,2277,,"1,000,000+",Free,0.0,3,Travel & Local,"May 7, 2018",4.4.7,4.0.3 and up,3
"HSL - Tickets, route planner and information",TRAVEL_AND_LOCAL,3.3,256,,"100,000+",Free,0.0,3,Travel & Local,"August 1, 2018",1.1.2,5.0 and up,3
VZ Navigator for Galaxy S4,TRAVEL_AND_LOCAL,3.0,2750,,"5,000,000+",Free,0.0,3,Travel & Local,"January 22, 2018",10.7.8.111,4.2 and up,3
SNCF,TRAVEL_AND_LOCAL,3.4,15750,,"5,000,000+",Free,0.0,3,Travel & Local,"August 2, 2018",Varies with device,Varies with device,3
Zagat,TRAVEL_AND_LOCAL,3.1,2528,,"100,000+",Free,0.0,3,Travel & Local,"July 14, 2016",Varies with device,Varies with device,3
My Telcel,TOOLS,3.1,45838,,"50,000,000+",Free,0.0,3,Tools,"July 25, 2018",7.6.1,4.1 and up,3
iWnn IME for Nexus,TOOLS,3.2,2394,,"5,000,000+",Free,0.0,3,Tools,"November 13, 2014",Varies with device,Varies with device,3
Clear,TOOLS,3.1,24151,,"10,000,000+",Free,0.0,3,Tools,"August 6, 2018",11.7.0,4.1 and up,3
Google app for Android TV,TOOLS,3.0,66,,"10,000,000+",Free,0.0,3,Tools,"July 19, 2018",Varies with device,Varies with device,3
HTC Sense Input,TOOLS,3.4,17030,,"10,000,000+",Free,0.0,3,Tools,"May 12, 2017",Varies with device,Varies with device,3
App vault,TOOLS,3.4,25094,,"10,000,000+",Free,0.0,3,Tools,"July 18, 2018",Varies with device,Varies with device,3
HTC Sense Input-CA,TOOLS,3.1,124,,"100,000+",Free,0.0,3,Tools,"April 22, 2014",9.7.753080,4.1 and up,3
My Claro Peru,PRODUCTIVITY,3.2,11200,,"5,000,000+",Free,0.0,3,Productivity,"July 23, 2018",3.1.1,4.4 and up,3
HTC Mail,PRODUCTIVITY,3.1,6572,,"10,000,000+",Free,0.0,3,Productivity,"May 29, 2018",Varies with device,Varies with device,3
G Guide Program Guide (SOFTBANK EMOBILE WILLCOM version),VIDEO_PLAYERS,3.1,2689,,"1,000,000+",Free,0.0,3,Video Players & Editors,"July 18, 2018",Varies with device,Varies with device,3
Casper Ssinema,VIDEO_PLAYERS,3.3,1261,,"10,000+",Free,0.0,3,Video Players & Editors,"October 30, 2014",1.0,2.3 and up,3
Asahi Shimbun Digital,NEWS_AND_MAGAZINES,3.1,735,,"500,000+",Free,0.0,3,News & Magazines,"July 25, 2018",6.3.0,4.0.3 and up,3
Apple Daily Apple News,NEWS_AND_MAGAZINES,3.4,41490,,"5,000,000+",Free,0.0,3,News & Magazines,"July 24, 2018",4.6.0,4.1 and up,3
Create A Superhero HD,FAMILY,3.3,8642,,"500,000+",Free,0.0,3,Casual,"December 30, 2017",4.0.4,2.3 and up,3
Draw A Stickman,GAME,3.4,29265,,"1,000,000+",Free,0.0,3,Adventure,"May 19, 2017",1.1.0,4.0.3 and up,3
Cardi B Piano Game,GAME,3.1,50,,"10,000+",Free,0.0,3,Music,"November 15, 2017",2.0,4.0 and up,3
B.GOOD,FOOD_AND_DRINK,2.9,155,,"10,000+",Free,0.0,3,Food & Drink,"April 4, 2018",4.94.19,4.1 and up,3
B-Dubs¬Æ,LIFESTYLE,3.1,3042,,"500,000+",Free,0.0,3,Lifestyle,"July 5, 2018",Varies with device,Varies with device,3
Oral-B App,HEALTH_AND_FITNESS,3.3,14210,,"1,000,000+",Free,0.0,3,Health & Fitness,"July 19, 2018",6.0.1,5.0 and up,3
Plan B,MAPS_AND_NAVIGATION,3.3,19,,"5,000+",Free,0.0,3,Maps & Navigation,"July 12, 2017",1.2,4.3 and up,3
Broken Screen Prank,FAMILY,3.3,23682,,"1,000,000+",Free,0.0,3,Casual,"June 14, 2018",6.2,4.0 and up,3
E!,FAMILY,3.1,740,,"100,000+",Free,0.0,3,Entertainment,"May 24, 2018",3.3.1.41,4.4 and up,3
Moto LED for Moto X & E [Root],LIFESTYLE,3.4,4082,,"500,000+",Free,0.0,3,Lifestyle,"October 16, 2014",1.0,4.2 and up,3
R+F PULSE,BUSINESS,3.4,58,,"10,000+",Free,0.0,3,Business,"April 21, 2017",1.0,4.4 and up,3
G-SHOCK+,LIFESTYLE,3.0,4710,,"100,000+",Free,0.0,3,Lifestyle,"November 1, 2017",Varies with device,Varies with device,3
G-SHOCK Connected,LIFESTYLE,3.0,543,,"50,000+",Free,0.0,3,Lifestyle,"July 2, 2018",1.4.1(0629A),5.0 and up,3
G-Homa,LIFESTYLE,3.1,777,,"50,000+",Free,0.0,3,Lifestyle,"May 4, 2018",3.0.20,4.0 and up,3
HPlus,HEALTH_AND_FITNESS,2.9,1786,,"100,000+",Free,0.0,3,Health & Fitness,"June 12, 2018",3.5.2,4.4 and up,3
H Band 2.0,HEALTH_AND_FITNESS,2.9,4031,,"500,000+",Free,0.0,3,Health & Fitness,"June 15, 2018",3.0.2,4.4 and up,3
Ohio State Fair 4-H,FAMILY,3.0,4,,"1,000+",Free,0.0,3,Entertainment,"February 7, 2018",3.0.1,4.1 and up,3
Larry H Miller Automotive,PRODUCTIVITY,3.1,67,,"10,000+",Free,0.0,3,Productivity,"July 18, 2018",3.5.3,4.0.3 and up,3
How Old am I?,FAMILY,2.8,4635,,"1,000,000+",Free,0.0,3,Entertainment,"January 1, 2018",1.7,4.0 and up,3
How Do I Look,PHOTOGRAPHY,2.7,3032,,"500,000+",Free,0.0,3,Photography,"December 8, 2017",1.3,3.0 and up,3
J-Novel Club,FAMILY,3.3,162,,"10,000+",Free,0.0,3,Entertainment,"October 22, 2017",1.2,4.1 and up,3
Mali J,SOCIAL,3.2,185,,"10,000+",Free,0.0,3,Social,"October 20, 2017",1.0.1,4.1 and up,3
Lie Detector,FAMILY,3.1,306,,"50,000+",Free,0.0,3,Simulation,"April 4, 2017",1.2.1,4.0.3 and up,3
M-Sight Pro,VIDEO_PLAYERS,3.3,30,,"5,000+",Free,0.0,3,Video Players & Editors,"July 25, 2018",3.1.0.1-r4,4.0 and up,3
m:go BiH,COMMUNICATION,3.2,559,,"10,000+",Free,0.0,3,Communication,"July 25, 2018",3.4,3.0 and up,3
Cook'n Recipe App,LIFESTYLE,3.4,552,,"10,000+",Free,0.0,3,Lifestyle,"August 2, 2018",3.0.4,4.4 and up,3
N-Com Wizard,COMMUNICATION,3.3,960,,"50,000+",Free,0.0,3,Communication,"September 21, 2017",2.1.2,2.3.3 and up,3
Shop 'n Save,SHOPPING,3.4,620,,"100,000+",Free,0.0,3,Shopping,"March 13, 2018",2.2.8,4.1 and up,3
Android P 9.0,PERSONALIZATION,3.0,12,,500+,Free,0.0,3,Personalization,"May 30, 2018",2.0,4.0.3 and up,3
The Q - Live Trivia Game Network,GAME,2.7,1486,,"100,000+",Free,0.0,3,Trivia,"August 3, 2018",2.4.8,5.0 and up,3
Fossil Q,LIFESTYLE,2.9,6627,,"500,000+",Free,0.0,3,Lifestyle,"August 1, 2018",2.5.1,4.4 and up,3
Q MINDshare Mobile,BUSINESS,3.4,24,,"10,000+",Free,0.0,3,Business,"April 2, 2018",Varies with device,Varies with device,3
Fossil Q Legacy,LIFESTYLE,2.6,680,,"50,000+",Free,0.0,3,Lifestyle,"September 19, 2017",1.0.1,4.4 and up,3
Q-See QC View,TOOLS,3.1,657,,"100,000+",Free,0.0,3,Tools,"January 19, 2018",3.49.0202,4.0.3 and up,3
Leica Q,PHOTOGRAPHY,3.1,133,,"10,000+",Free,0.0,3,Photography,"May 8, 2018",1.0.2.1,4.0 and up,3
Car Parking Nissan GT-R R35 Simulator,FAMILY,3.2,513,,"100,000+",Free,0.0,3,Simulation,"December 5, 2017",1.0,4.0 and up,3
R-net for Android,PRODUCTIVITY,3.3,48,,"5,000+",Free,0.0,3,Productivity,"August 7, 2013",1.0,3.1 and up,3
AT&T Messages for Tablet,COMMUNICATION,3.3,3044,,"1,000,000+",Free,0.0,3,Communication,"April 3, 2017",Varies with device,Varies with device,3
T-Mobile DIGITS,COMMUNICATION,3.0,1820,,"100,000+",Free,0.0,3,Communication,"February 15, 2018",1.1.50,4.4 and up,3
DIRECTV Remote App,FAMILY,3.0,480,,"1,000,000+",Free,0.0,3,Entertainment,"August 31, 2017",2.40,6.0 and up,3
T-Mobile¬Æ FamilyMode‚Ñ¢,PARENTING,3.1,103,,"10,000+",Free,0.0,3,Parenting,"June 29, 2018",1.0.2-alpha4,4.4 and up,3
AT&T DriveMode,MAPS_AND_NAVIGATION,3.3,8465,,"10,000,000+",Free,0.0,3,Maps & Navigation,"May 3, 2018",1.0.4.3,4.1 and up,3
U-Haul,TRAVEL_AND_LOCAL,3.2,852,,"100,000+",Free,0.0,3,Travel & Local,"July 31, 2018",2.2.1,4.4 and up,3
U-Scan,TOOLS,3.4,784,,"50,000+",Free,0.0,3,Tools,"September 29, 2016",1.2.6 (94),2.2 and up,3
Octo U: Your driving companion,TRAVEL_AND_LOCAL,3.0,331,,"50,000+",Free,0.0,3,Travel & Local,"March 13, 2018",1.1.47,4.3 and up,3
U Pull It Auto Dismantler,BUSINESS,3.1,71,,"10,000+",Free,0.0,3,Business,"May 14, 2013",1.0,1.6 and up,3
Wii U Simulator,FAMILY,3.4,1178,,"100,000+",Free,0.0,3,Simulation,"April 8, 2018",1.0.1,5.0 and up,3
U Guard,TOOLS,3.0,245,,"10,000+",Free,0.0,3,Tools,"August 31, 2016",1.1.6.6,2.3 and up,3
[verify-U] VideoIdent,COMMUNICATION,2.9,83,,"10,000+",Free,0.0,3,Communication,"April 26, 2018",2.4.0,5.0 and up,3
SAY-U,FAMILY,3.2,1011,,"100,000+",Free,0.0,3,Entertainment,"July 13, 2018",Varies with device,4.1 and up,3
Mod GTA V for MCPE,FAMILY,3.3,4288,,"500,000+",Free,0.0,3,Entertainment,"April 23, 2018",1.2.3.4.5,4.0.3 and up,3
V.360¬∞ Camera,PHOTOGRAPHY,3.3,582,,"100,000+",Free,0.0,3,Photography,"September 11, 2015",1.1.6,4.4 and up,3
Nose Doctor X: Booger Mania,FAMILY,3.2,37584,,"5,000,000+",Free,0.0,3,Casual;Pretend Play,"August 31, 2016",1.0.8,4.1 and up,3
Xray Scanner Prank,FAMILY,3.3,355837,,"10,000,000+",Free,0.0,3,Entertainment,"December 7, 2016",14.0,2.3 and up,3
X-ray scanner simulator,FAMILY,2.7,1616,,"500,000+",Free,0.0,3,Casual,"January 8, 2017",7.0,2.1 and up,3
PLAYBULB X,LIFESTYLE,2.9,2160,,"100,000+",Free,0.0,3,Lifestyle,"June 25, 2018",1.6.5,4.3 and up,3
Z App,LIFESTYLE,2.8,405,,"50,000+",Free,0.0,3,Lifestyle,"June 22, 2018",4.2.45,4.4 and up,3
AB Mobile App,HEALTH_AND_FITNESS,3.4,2105,,"100,000+",Free,0.0,3,Health & Fitness,"August 21, 2017",2.1.0,4.0.3 and up,3
Smart Air Conditioner,TOOLS,3.3,4786,,"500,000+",Free,0.0,3,Tools,"May 24, 2018",1.2.84,2.2 and up,3
AC Remote Control,TOOLS,3.3,472,,"100,000+",Free,0.0,3,Tools,"October 17, 2017",1.3,4.1 and up,3
Air conditioner remote control,TOOLS,3.4,29854,,"1,000,000+",Free,0.0,3,Tools,"July 19, 2017",5.0,2.3 and up,3
A/C Air Conditioner Remote,TOOLS,3.4,7816,,"1,000,000+",Free,0.0,3,Tools,"July 30, 2016",1.1.1,3.0 and up,3
Smart Air Conditioner(CAC),TOOLS,3.2,409,,"50,000+",Free,0.0,3,Tools,"May 25, 2018",1.0.18,2.2 and up,3
TOSHIBA Smart AC,TOOLS,2.6,60,,"10,000+",Free,0.0,3,Tools,"August 4, 2018",2.1.20180804_01,4.0.3 and up,3
Trane Interactive Smart AC,TOOLS,2.8,48,,"10,000+",Free,0.0,3,Tools,"April 21, 2016",0.0.2,4.3 and up,3
A/C Universal Remote Control,TOOLS,3.1,3263,,"1,000,000+",Free,0.0,3,Tools,"May 16, 2017",1.17,3.0 and up,3
LG AC Smart Diagnosis,LIFESTYLE,3.4,377,,"100,000+",Free,0.0,3,Lifestyle,"March 21, 2017",1.1.4,4.0 and up,3
AC Remote Control Simulator,FAMILY,3.3,353,,"100,000+",Free,0.0,3,Entertainment,"December 4, 2017",1.0,4.0.3 and up,3
AC Mobile Control,HOUSE_AND_HOME,3.4,1450,,"100,000+",Free,0.0,3,House & Home,"November 5, 2013",2.4,2.2 and up,3
AC Remote For LG,TOOLS,3.0,1298,,"100,000+",Free,0.0,3,Tools,"February 20, 2018",1.0,4.0 and up,3
Universal AC Remote Control Simulator,FAMILY,3.0,119,,"50,000+",Free,0.0,3,Entertainment,"December 22, 2017",1.0,4.0 and up,3
Ad Block REMOVER - NEED ROOT,TOOLS,3.3,999,,"100,000+",Free,0.0,3,Tools,"December 17, 2013",3.2,2.2 and up,3
Emo Ads Blocker Browser,TOOLS,3.4,1555,,"100,000+",Free,0.0,3,Tools,"September 17, 2015",1.4,3.0 and up,3
AF Comics Reader - Free,COMICS,2.8,5,,100+,Free,0.0,3,Comics,"November 10, 2017",1.0,4.1 and up,3
DSLR camera - Auto Focus and Blur Professional,PHOTOGRAPHY,3.4,30,,"10,000+",Free,0.0,3,Photography,"April 18, 2018",5.1.2,4.0.3 and up,3
DSLR Blur Camera Auto Focus,TOOLS,3.3,75,,"10,000+",Free,0.0,3,Tools,"June 7, 2018",1.3,4.0.3 and up,3
EZ Ag Mobile,FINANCE,3.4,19,,"5,000+",Free,0.0,3,Finance,"August 12, 2017",9.0.00,3.0 and up,3
VR AG Racing for Cardboard,GAME,3.4,13,,"1,000+",Free,0.0,3,Racing,"September 29, 2016",1.1,4.1 and up,3
AH Connect (Adventist Health),HEALTH_AND_FITNESS,3.4,5,,"1,000+",Free,0.0,3,Health & Fitness,"January 23, 2018",3.5.1,4.4 and up,3
WoW AH Tracker,TOOLS,2.9,33,,"10,000+",Free,0.0,3,Tools,"July 23, 2018",Varies with device,Varies with device,3
The Ah Yeah! Button,FAMILY,3.0,30,,"5,000+",Free,0.0,3,Entertainment,"October 1, 2013",1.2,2.3 and up,3
Brandon Lakes AH,MEDICAL,2.6,5,,100+,Free,0.0,3,Medical,"May 5, 2017",300000.0.79,4.0.3 and up,3
Ah! Coins,GAME,3.4,256,,"50,000+",Free,0.0,3,Action,"December 8, 2016",1.0.0,2.3 and up,3
Ai illustrator viewer,ART_AND_DESIGN,3.4,486,,"100,000+",Free,0.0,3,Art & Design,"July 26, 2018",5.7,5.0 and up,3
AI Face Beauty Analysis - IntelliFace (Free),BEAUTY,3.1,40,,"10,000+",Free,0.0,3,Beauty,"April 11, 2018",20,4.1 and up,3
Tomo A.i. Pet Chat Bot,FAMILY,3.3,40,,"1,000+",Free,0.0,3,Entertainment,"May 15, 2017",1.0,4.0.3 and up,3
Chat With Artificial Intelligence,FAMILY,3.2,32,,"1,000+",Free,0.0,3,Entertainment,"May 10, 2018",1.0,4.0 and up,3
ChatBolo - AI Chatbot Online,FAMILY,3.3,1407,,"100,000+",Free,0.0,3,Entertainment,"September 25, 2015",2.1,2.2 and up,3
Turbo AI‚Ñ¢ - Personal assistant,PRODUCTIVITY,2.6,91,,"5,000+",Free,0.0,3,Productivity,"July 16, 2018",0.0.52,4.0.3 and up,3
Club Penguin Island,FAMILY,2.8,107441,,"1,000,000+",Free,0.0,3,Casual;Action & Adventure,"July 10, 2018",1.10.5,4.4 and up,3
AJ Bell Youinvest,FINANCE,2.8,135,,"10,000+",Free,0.0,3,Finance,"June 4, 2018",2.13.0.65,4.4 and up,3
Baby Game Animal Jam Free,GAME,2.8,9,,500+,Free,0.0,3,Board,"March 24, 2017",1.0,2.3 and up,3
Weapon AK-74 Live Wallpaper,PERSONALIZATION,3.3,25,,"1,000+",Free,0.0,3,Personalization,"March 28, 2017",1.2,4.0.3 and up,3
Shoot M-16 vs AK-47 : realistic weapon simulator,FAMILY,3.0,2,,100+,Free,0.0,3,Simulation,"July 18, 2018",1.0,4.1 and up,3
AL.com,NEWS_AND_MAGAZINES,3.4,803,,"50,000+",Free,0.0,3,News & Magazines,"July 23, 2018",3.7.10-0d44b899,4.1 and up,3
Scanning body and undressing people,FAMILY,3.4,1012,,"100,000+",Free,0.0,3,Entertainment,"February 24, 2018",2.0,3.0 and up,3
3D Holograms Joke,FAMILY,2.9,31596,,"5,000,000+",Free,0.0,3,Simulation,"December 23, 2016",1.5,2.3 and up,3
Body scanner (prank),FAMILY,3.3,16063,,"1,000,000+",Free,0.0,3,Casual,"June 2, 2016",3.0,2.3 and up,3
AP Planner,FAMILY,2.9,45,,"5,000+",Free,0.0,3,Education,"August 3, 2015",1.1,2.1 and up,3
eChallan Andhra Pradesh (AP),SOCIAL,3.0,5,,"1,000+",Free,0.0,3,Social,"February 15, 2018",1.0.0.4,4.1 and up,3
ClanHQ,COMMUNICATION,2.7,560,,"10,000+",Free,0.0,3,Communication,"July 25, 2018",1.0.21,4.4 and up,3
AR Remote Car,FAMILY,3.2,1354,,"100,000+",Free,0.0,3,Simulation,"August 12, 2017",2.14,4.0 and up,3
MCRAFT AR - EDITOR,FAMILY,3.4,131,,"5,000+",Free,0.0,3,Simulation,"June 24, 2018",1.0,4.1 and up,3
Jenga¬Æ AR,FAMILY,2.9,53,,"10,000+",Free,0.0,3,Puzzle,"March 17, 2018",1.0.1,7.0 and up,3
Paint Space AR,FAMILY,3.0,17,,"1,000+",Free,0.0,3,Entertainment,"March 7, 2018",1.1,7.0 and up,3
Sleep as Android Gear Addon,HEALTH_AND_FITNESS,2.8,961,,"100,000+",Free,0.0,3,Health & Fitness,"February 27, 2018",1.5,4.0 and up,3
Sleep as Android Garmin Addon,HEALTH_AND_FITNESS,2.6,114,,"10,000+",Free,0.0,3,Health & Fitness,"June 20, 2018",20180620,2.3 and up,3
AT&T THANKS¬Æ,FAMILY,3.4,2445,,"500,000+",Free,0.0,3,Entertainment,"July 11, 2018",1.4.0,5.0 and up,3
One Night at Golden Freddy's,GAME,3.3,2717,,"100,000+",Free,0.0,3,Action,"December 7, 2017",0.1,2.3 and up,3
au,FAMILY,3.2,9126,,"1,000,000+",Free,0.0,3,Strategy,"June 8, 2016",1.0.9,4.0 and up,3
"view.com.au - Buy, Rent or Research Real Estate",LIFESTYLE,3.1,212,,"50,000+",Free,0.0,3,Lifestyle,"September 26, 2017",2.1.4,4.1 and up,3
Rugby AU,SPORTS,2.7,17,,"1,000+",Free,0.0,3,Sports,"December 21, 2017",1.0.0,4.1 and up,3
Total AV,PRODUCTIVITY,3.4,617,,"100,000+",Free,0.0,3,Productivity,"April 17, 2018",1.5.3,4.1 and up,3
"HD Video Player (wmv,avi,mp4,flv,av,mpg,mkv)2017",VIDEO_PLAYERS,3.3,171,,"10,000+",Free,0.0,3,Video Players & Editors,"August 10, 2017",1.1,4.1 and up,3
Baby Monitor AV,COMMUNICATION,3.3,1434,,"100,000+",Free,0.0,3,Communication,"March 6, 2014",1.2.5,2.3 and up,3
LG AV REMOTE,TOOLS,3.4,2420,,"1,000,000+",Free,0.0,3,Tools,"June 3, 2016",1.1.8,2.3.3 and up,3
Gogo Vision (Biz Av),FAMILY,3.3,11,,"1,000+",Free,0.0,3,Entertainment,"August 23, 2017",3.4.0,4.1 and up,3
Remote For Pioneer AV Receivers and Blu-Ray,TOOLS,3.4,150,,"50,000+",Free,0.0,3,Tools,"June 1, 2018",Cow V3.11,4.1 and up,3
EML UPnP-AV Control Point,VIDEO_PLAYERS,3.0,78,,"10,000+",Free,0.0,3,Video Players & Editors,"September 19, 2013",1.3,1.6 and up,3
AirWatch Agent,BUSINESS,3.1,20973,,"5,000,000+",Free,0.0,3,Business,"August 1, 2018",8.2.0.84,4.0 and up,3
Advanced Warfare Guns,FAMILY,2.9,2079,,"100,000+",Free,0.0,3,Entertainment,"June 6, 2015",1.2.2,3.0 and up,3
AirWatch Inbox,BUSINESS,2.7,8346,,"1,000,000+",Free,0.0,3,Business,"September 20, 2017",Varies with device,4.0 and up,3
Axe Spinner,FAMILY,3.0,2,,10+,Free,0.0,3,Casual,"January 4, 2018",1.0.0,4.1 and up,3
Knife&Axe Throwing,GAME,3.1,440,,"50,000+",Free,0.0,3,Arcade,"November 26, 2012",1.0.6,2.1 and up,3
Q7 SmartWatch,HEALTH_AND_FITNESS,3.0,94,,"10,000+",Free,0.0,3,Health & Fitness,"July 9, 2018",1.0.2,4.3 and up,3
Sun & Moon AR Locator,WEATHER,3.3,115,,"10,000+",Free,0.0,3,Weather,"February 23, 2017",1.4,4.1 and up,3
AZ Camera - Manual Pro Cam,PHOTOGRAPHY,3.4,2332,,"100,000+",Free,0.0,3,Photography,"August 28, 2015",2.2,5.0 and up,3
A-Z App Store,PRODUCTIVITY,3.2,2728,,"500,000+",Free,0.0,3,Productivity,"October 5, 2016",1.0.5,4.1 and up,3
AZ PLAYER HD,TOOLS,3.2,24,,"10,000+",Free,0.0,3,Tools,"April 11, 2016",1.0,2.2 and up,3
Manga AZ - Manga Comic Reader,COMICS,3.3,126,,"5,000+",Free,0.0,3,Comics,"July 24, 2018",1.0.4,4.0.3 and up,3
ba,FAMILY,3.1,1734,,"500,000+",Free,0.0,3,Strategy,"June 8, 2016",1.0.3,4.0 and up,3
Anthem BC Anywhere,MEDICAL,2.6,496,,"100,000+",Free,0.0,3,Medical,"July 27, 2018",8.0.226,4.4 and up,3
BC Lotto Check,FAMILY,3.0,10,,"5,000+",Free,0.0,3,Entertainment,"June 22, 2016",0.0.7,4.0.3 and up,3
BC Wildfire,TOOLS,3.3,27,,"5,000+",Free,0.0,3,Tools,"May 31, 2018",10.1.0,5.0 and up,3
Outdoor Movies BC,EVENTS,2.9,7,,500+,Free,0.0,3,Events,"June 22, 2018",Varies with device,4.4 and up,3
British Columbia License,FAMILY,3.3,14,,"1,000+",Free,0.0,3,Education,"January 19, 2015",1.2,4.0 and up,3
"Izneo, Read Manga, Comics & BD",COMICS,3.3,1476,,"500,000+",Free,0.0,3,Comics,"June 11, 2018",7.3,4.0 and up,3
Upohar BD,BUSINESS,3.4,9,,"1,000+",Free,0.0,3,Business,"October 8, 2016",1.0,3.0 and up,3
BD TYCOON,FAMILY,3.3,16,,500+,Free,0.0,3,Simulation,"July 6, 2017",1.2,4.1 and up,3
Remote for Samsung TV & BluRay Players (Read Desc),TOOLS,3.3,1988,,"500,000+",Free,0.0,3,Tools,"August 3, 2018",Cow V3.15,4.3 and up,3
Remote for Sony TV & Sony Blu-Ray Players MyAV,TOOLS,3.4,3491,,"1,000,000+",Free,0.0,3,Tools,"July 31, 2018",Cow V3.15,4.3 and up,3
BF Browser by Betfilter - Stop Gambling Today!,COMMUNICATION,3.0,39,,"10,000+",Free,0.0,3,Communication,"September 4, 2017",1.4,4.0.3 and up,3
Body Scanner xray Real Camera Prank Entertaintment,FAMILY,2.6,17,,"5,000+",Free,0.0,3,Entertainment,"May 5, 2018",1.0,2.3 and up,3
Talking Boyfriend,FAMILY,2.9,1073,,"100,000+",Free,0.0,3,Entertainment,"August 28, 2016",1.1,2.3.3 and up,3
BG Score,SPORTS,2.6,64,,"10,000+",Free,0.0,3,Sports,"July 26, 2017",2.1,4.0.3 and up,3
HTC Sense Input-BG,TOOLS,2.7,198,,"100,000+",Free,0.0,3,Tools,"April 22, 2014",9.7.753080,4.1 and up,3
HTC Sense Input - BG,TOOLS,3.3,218,,"10,000+",Free,0.0,3,Tools,"November 9, 2015",1.0.606877,5.0 and up,3
Cordova BG Geolocation,MAPS_AND_NAVIGATION,3.0,4,,"1,000+",Free,0.0,3,Maps & Navigation,"May 25, 2018",Varies with device,Varies with device,3
bgtime.tv,VIDEO_PLAYERS,3.4,694,,"50,000+",Free,0.0,3,Video Players & Editors,"July 27, 2018",Varies with device,Varies with device,3
BGCN TV,VIDEO_PLAYERS,3.4,4334,,"100,000+",Free,0.0,3,Video Players & Editors,"November 4, 2015",3.1.891,Varies with device,3
BH by Kinomap,HEALTH_AND_FITNESS,2.9,141,,"10,000+",Free,0.0,3,Health & Fitness,"July 30, 2018",3.2.9,4.1 and up,3
BH Bikes Premium,SPORTS,3.0,26,,"1,000+",Free,0.0,3,Sports,"May 9, 2017",2.1.1,5.0 and up,3
BH Mail,COMMUNICATION,3.4,7,,"1,000+",Free,0.0,3,Communication,"April 3, 2018",5.403,4.0.3 and up,3
FitConsole,HEALTH_AND_FITNESS,2.6,219,,"50,000+",Free,0.0,3,Health & Fitness,"October 30, 2015",v1.1-20151030,4.0 and up,3
Treadmill Workouts Free (P),HEALTH_AND_FITNESS,3.3,10,,"1,000+",Free,0.0,3,Health & Fitness,"April 5, 2018",1.8 P,4.4 and up,3
Gayvox - Gay Lesbian Bi Dating,SOCIAL,3.4,3640,,"500,000+",Free,0.0,3,Social,"June 13, 2016",3.1.9,2.3 and up,3
AfreecaTV,VIDEO_PLAYERS,3.3,381023,,"10,000,000+",Free,0.0,3,Video Players & Editors,"July 26, 2018",2.7.8,4.0 and up,3
Free Coupons for Burger King,LIFESTYLE,2.8,17,,"5,000+",Free,0.0,3,Lifestyle,"July 29, 2018",1.1,4.4 and up,3
Yaoi Novels - Shounen ai Book&fiction,FAMILY,3.2,304,,"10,000+",Free,0.0,3,Entertainment,"February 14, 2018",1.0.2,4.0.3 and up,3
Lezhin Comics - Daily Releases,COMICS,3.0,28447,,"1,000,000+",Free,0.0,3,Comics,"July 31, 2018",Varies with device,Varies with device,3
Daily Manga - Comic & Webtoon,COMICS,3.2,1462,,"100,000+",Free,0.0,3,Comics,"May 18, 2018",1.0,4.0.3 and up,3
bm offers,LIFESTYLE,3.2,320,,"50,000+",Free,0.0,3,Lifestyle,"December 13, 2017",1.4,4.2 and up,3
DMR BrandMeister Tool,COMMUNICATION,3.3,78,,"10,000+",Free,0.0,3,Communication,"March 31, 2018",4.5,6.0 and up,3
Basket Manager 2018 Free,SPORTS,3.4,1520,,"50,000+",Free,0.0,3,Sports,"April 17, 2018",3.7,4.4 and up,3
My College Bookstore,SHOPPING,3.2,661,,"100,000+",Free,0.0,3,Shopping,"March 19, 2018",3.0.2,4.1 and up,3
BN Mi Banco,BUSINESS,3.0,597,,"100,000+",Free,0.0,3,Business,"July 12, 2018",9.0,5.0 and up,3
BN Bank Mobilbank,FINANCE,3.1,72,,"10,000+",Free,0.0,3,Finance,"February 13, 2018",2.0.9,4.0 and up,3
[BN] Blitz,SPORTS,3.2,4,,100+,Free,0.0,3,Sports,"May 17, 2018",4.6,4.3 and up,3
BPme - Mobile Fuel Payment & BP Driver Rewards app,TRAVEL_AND_LOCAL,3.0,69,,"10,000+",Free,0.0,3,Travel & Local,"June 11, 2018",3.4.1,5.0 and up,3
My BP Lab,HEALTH_AND_FITNESS,2.6,186,,"10,000+",Free,0.0,3,Health & Fitness,"May 19, 2018",1.1.0,8.0 and up,3
BP World Energy,BUSINESS,3.4,25,,"10,000+",Free,0.0,3,Business,"July 27, 2018",1.1.2,4.1 and up,3
iFORA BP,MEDICAL,3.4,18,,"1,000+",Free,0.0,3,Medical,"June 5, 2018",1.2.4,2.3.3 and up,3
BP-Tech,FAMILY,3.2,12,,"1,000+",Free,0.0,3,Casual,"February 3, 2018",1.3_4,4.0 and up,3
Blood pressure,HEALTH_AND_FITNESS,3.4,2256,,"500,000+",Free,0.0,3,Health & Fitness,"July 31, 2014",1.1.0,4.0 and up,3
BQ Scanner,TOOLS,3.0,2,,100+,Free,0.0,3,Tools,"October 10, 2017",1.0.1,4.4 and up,3
IKEA Store,SHOPPING,3.4,25515,,"10,000,000+",Free,0.0,3,Shopping,"July 16, 2018",Varies with device,Varies with device,3
BR,LIFESTYLE,3.0,859,,"100,000+",Free,0.0,3,Lifestyle,"July 19, 2018",1.7.7,2.2 and up,3
Bullshite!,GAME,2.8,48,,"10,000+",Free,0.0,3,Card,"April 10, 2016",1.0.1,4.1 and up,3
Str√¶t√≥.is,MAPS_AND_NAVIGATION,3.1,742,,"100,000+",Free,0.0,3,Maps & Navigation,"July 9, 2018",5.7,4.1 and up,3
Bt Notifier -Smartwatch notice,TOOLS,2.8,632,,"500,000+",Free,0.0,3,Tools,"May 23, 2017",1.0,6.0 and up,3
BT One Mobile secure access,BUSINESS,3.4,54,,"10,000+",Free,0.0,3,Business,"July 28, 2016",3.61,2.3.3 and up,3
BT Camera,PHOTOGRAPHY,3.3,1307,,"500,000+",Free,0.0,3,Photography,"February 24, 2017",1.8,2.3 and up,3
MagicLight BT,LIFESTYLE,2.7,135,,"10,000+",Free,0.0,3,Lifestyle,"July 11, 2018",1.2.1,4.3 and up,3
B.T.,NEWS_AND_MAGAZINES,2.8,636,,"100,000+",Free,0.0,3,News & Magazines,"June 8, 2018",1.12.2,4.1 and up,3
AudioBT: BT audio GPS/SMS/Text,COMMUNICATION,3.4,198,,"50,000+",Free,0.0,3,Communication,"February 21, 2017",3.2.1,4.0 and up,3
kick the buddy,GAME,3.3,294,,"10,000+",Free,0.0,3,Arcade,"July 19, 2018",1.0,3.0 and up,3
Philips Hue,LIFESTYLE,3.1,10006,,"1,000,000+",Free,0.0,3,Lifestyle,"July 26, 2018",3.2.0,5.0 and up,3
Best Western To Go,TRAVEL_AND_LOCAL,3.0,2719,,"100,000+",Free,0.0,3,Travel & Local,"August 2, 2018",5.14.1,4.2 and up,3
BlitzWolf Shutter - BW Shutter,PHOTOGRAPHY,2.9,333,,"50,000+",Free,0.0,3,Photography,"November 22, 2017",1.8.0,4.0 and up,3
BW App,LIFESTYLE,2.8,48,,"5,000+",Free,0.0,3,Lifestyle,"September 27, 2017",2.8.216.6-ba,4.0 and up,3
BW Taxi,MAPS_AND_NAVIGATION,3.0,67,,"5,000+",Free,0.0,3,Maps & Navigation,"May 1, 2018",3.19.34,5.0 and up,3
bitcoin exchange bx thailand,FINANCE,2.9,19,,"5,000+",Free,0.0,3,Finance,"June 26, 2017",1.6,4.4 and up,3
Casa de Bolsa Bx+ M√≥vil,FINANCE,3.4,5,,500+,Free,0.0,3,Finance,"July 18, 2017",1.0.7,4.0 and up,3
Rized ‚ÄºÔ∏è Color By Number & Pixel Coloring Book,FAMILY,3.0,1279,,"100,000+",Free,0.0,3,Casual,"June 13, 2018",1.1.7,4.3 and up,3
Color by Disney,FAMILY,2.7,5706,,"500,000+",Free,0.0,3,Entertainment,"July 13, 2017",1.7,4.4 and up,3
Color By Numbers - Art Game for Kids and Adults,FAMILY,3.1,305,,"100,000+",Free,0.0,3,Educational;Brain Games,"July 7, 2016",3,2.3.3 and up,3
Berner Zeitung,NEWS_AND_MAGAZINES,3.4,736,,"50,000+",Free,0.0,3,News & Magazines,"August 3, 2018",7.5.9.1,4.1 and up,3
bz Basellandschaftliche News,NEWS_AND_MAGAZINES,2.8,33,,"1,000+",Free,0.0,3,News & Magazines,"June 6, 2018",1.4.0,5.0 and up,3
24/7 BZ Reis,TRAVEL_AND_LOCAL,3.1,421,,"100,000+",Free,0.0,3,Travel & Local,"March 9, 2018",4.4.15,4.1 and up,3
S√ºdtirol2Go,MAPS_AND_NAVIGATION,3.3,555,,"50,000+",Free,0.0,3,Maps & Navigation,"December 20, 2017",2.1.2,4.0 and up,3
Inwestor mobile,FINANCE,3.2,124,,"10,000+",Free,0.0,3,Finance,"January 3, 2018",1.2.3,4.1 and up,3
CA Service Management,BUSINESS,3.4,91,,"10,000+",Free,0.0,3,Business,"March 20, 2018",3.1.13,5.0 and up,3
CA Mobile OTP,TOOLS,3.3,688,,"100,000+",Free,0.0,3,Tools,"September 5, 2017",2.3.5,2.3.3 and up,3
CA UIM Mobile,BUSINESS,3.2,54,,"1,000+",Free,0.0,3,Business,"February 29, 2016",8.4.1,4.0 and up,3
CA Clarity Mobile Time Manager,BUSINESS,3.1,104,,"10,000+",Free,0.0,3,Business,"May 14, 2015",2.0,2.2 and up,3
Truck Chat & CB for Truckers,MAPS_AND_NAVIGATION,2.7,89,,"10,000+",Free,0.0,3,Maps & Navigation,"July 31, 2018",1.0.10.5,4.0.3 and up,3
CB Frequencies FREE!,TOOLS,3.1,364,,"100,000+",Free,0.0,3,Tools,"March 2, 2018",2,4.0.3 and up,3
CB Underground,LIFESTYLE,3.3,3,,500+,Free,0.0,3,Lifestyle,"September 15, 2015",1.2,3.2 and up,3
Bootable Methods(USB-CD-DVD),BOOKS_AND_REFERENCE,3.4,37,,"10,000+",Free,0.0,3,Books & Reference,"May 31, 2018",1.5,4.0 and up,3
Disc Label Print,TOOLS,3.0,262,,"10,000+",Free,0.0,3,Tools,"September 20, 2016",1.0.0,4.0 and up,3
–†–µ–µI Smart Remote MP3 CD Player,TOOLS,3.2,27,,"5,000+",Free,0.0,3,Tools,"January 22, 2018",1.2,4.0 and up,3
OE TRACKER CE Attendance App,MEDICAL,3.4,16,,"5,000+",Free,0.0,3,Medical,"March 20, 2018",1.3.0,4.4 and up,3
CF SHOP!,LIFESTYLE,2.8,88,,"10,000+",Free,0.0,3,Lifestyle,"June 30, 2018",1.8.1,4.4 and up,3
CF Chat: Connecting Friends,COMMUNICATION,3.4,5,,100+,Free,0.0,3,Communication,"April 27, 2016",1.4,2.3 and up,3
iOBD2-CF,TOOLS,3.4,5,,500+,Free,0.0,3,Tools,"December 26, 2016",1.0,2.3.3 and up,3
CF Calculator,LIFESTYLE,3.3,25,,"1,000+",Free,0.0,3,Lifestyle,"March 10, 2015",1.0.2,4.0 and up,3
CG Fit Scale,HEALTH_AND_FITNESS,2.6,13,,"1,000+",Free,0.0,3,Health & Fitness,"October 13, 2015",1.1.4,4.0 and up,3
autoricardo.ch ‚Äì vehicles,LIFESTYLE,3.3,1045,,"100,000+",Free,0.0,3,Lifestyle,"March 13, 2018",5.1,4.0 and up,3
ci,FAMILY,3.0,1691,,"500,000+",Free,0.0,3,Strategy,"June 8, 2016",1.0.3,4.0 and up,3
Test de Inteligencia CI,FAMILY,2.9,21,,"5,000+",Free,0.0,3,Education,"May 11, 2015",1.05,2.3 and up,3
CI On The Go,NEWS_AND_MAGAZINES,3.0,2,,100+,Free,0.0,3,News & Magazines,"July 18, 2018",v4.30.0.8,5.0 and up,3
Gold Teeth Photo Editor,PHOTOGRAPHY,2.8,1022,,"100,000+",Free,0.0,3,Photography,"August 24, 2016",2.0,2.3 and up,3
Commission Manager,PRODUCTIVITY,3.2,12,,"1,000+",Free,0.0,3,Productivity,"March 26, 2015",1.0.0.0,2.3.3 and up,3
Company Kitchen,LIFESTYLE,2.8,81,,"10,000+",Free,0.0,3,Lifestyle,"March 6, 2018",2.0.0 (18.03.01),2.3.3 and up,3
CK Eorzea Timepiece,PERSONALIZATION,3.2,8,,100+,Free,0.0,3,Personalization,"June 5, 2015",1.1,4.3 and up,3
CK Pharmacies,HEALTH_AND_FITNESS,2.7,3,,100+,Free,0.0,3,Health & Fitness,"June 28, 2018",7.4.8,4.0.3 and up,3
Car Search For Craigslist CL Free,AUTO_AND_VEHICLES,2.6,5,,"1,000+",Free,0.0,3,Auto & Vehicles,"May 8, 2018",1.0.0,2.3.3 and up,3
CL Clock,BUSINESS,2.7,7,,"1,000+",Free,0.0,3,Business,"July 22, 2016",1.0,5.0 and up,3
Leica CL,PHOTOGRAPHY,2.6,8,,"1,000+",Free,0.0,3,Photography,"November 21, 2017",1.0,4.1 and up,3
New: CL-150,FAMILY,2.8,4,,500+,Free,0.0,3,Education,"July 25, 2018",1.2.0,5.0 and up,3
"Ruler(cm, inch)",TOOLS,3.4,2889,,"500,000+",Free,0.0,3,Tools,"July 27, 2016",1.1.0,2.3 and up,3
Centimeter Ruler,TOOLS,3.3,16,,"10,000+",Free,0.0,3,Tools,"November 5, 2016",2.0,4.0 and up,3
Feeder.co,NEWS_AND_MAGAZINES,3.2,77,,"5,000+",Free,0.0,3,News & Magazines,"March 12, 2018",2.2.7,4.2 and up,3
Co-op Taxi,MAPS_AND_NAVIGATION,3.4,168,,"10,000+",Free,0.0,3,Maps & Navigation,"May 1, 2018",3.19.34,5.0 and up,3
REI Co-op Mastercard,FINANCE,2.9,320,,"10,000+",Free,0.0,3,Finance,"June 14, 2018",2.13.11,4.4 and up,3
Sprig by CO-OP,FINANCE,2.9,252,,"10,000+",Free,0.0,3,Finance,"October 11, 2017",1.4.1033,4.1 and up,3
Comboios de Portugal,MAPS_AND_NAVIGATION,3.4,1147,,"100,000+",Free,0.0,3,Maps & Navigation,"May 28, 2018",1.0.3.8,4.0.3 and up,3
CQ Mobile,FINANCE,2.7,36,,"1,000+",Free,0.0,3,Finance,"July 10, 2018",Varies with device,Varies with device,3
Deck Simulator for CR,TOOLS,3.4,202,,"10,000+",Free,0.0,3,Tools,"June 16, 2017",1.0,4.0.3 and up,3
Deck Builder & Analyzer for CR,FAMILY,3.1,52,,"5,000+",Free,0.0,3,Entertainment,"May 4, 2017",1.0,4.0.3 and up,3
XML Editor CR,TOOLS,3.3,47,,"5,000+",Free,0.0,3,Tools,"March 16, 2018",1.0.209,4.0 and up,3
Sniper Traning for CS GO,GAME,3.2,655,,"50,000+",Free,0.0,3,Action,"May 18, 2016",1.0.2,4.0 and up,3
Mobile CS:GO,GAME,3.1,1015,,"100,000+",Free,0.0,3,Action,"November 11, 2015",1.3,2.3.3 and up,3
Bomb and Nade Timer for CS:GO,PRODUCTIVITY,2.6,85,,"5,000+",Free,0.0,3,Productivity,"April 21, 2016",1.1.2,4.0 and up,3
CT Prepares,NEWS_AND_MAGAZINES,2.6,13,,"1,000+",Free,0.0,3,News & Magazines,"November 1, 2016",1.0.3,4.4 and up,3
Cyprus CU Mobile Banking,FINANCE,3.4,295,,"10,000+",Free,0.0,3,Finance,"February 13, 2018",5.3.4,4.4 and up,3
Red River CU,FINANCE,3.3,343,,"10,000+",Free,0.0,3,Finance,"June 21, 2017",2.79,2.2 and up,3
MYCU TX Mobile Banking,FINANCE,3.0,4,,100+,Free,0.0,3,Finance,"August 1, 2018",1.0.2,Varies with device,3
Curriculum Vitae - Resume CV,PRODUCTIVITY,2.6,80,,"10,000+",Free,0.0,3,Productivity,"May 11, 2017",2.129.12,4.1 and up,3
CV Maker,PERSONALIZATION,3.2,114,,"10,000+",Free,0.0,3,Personalization,"March 18, 2016",1.02,4.0.3 and up,3
CV Builder for Smart Resumes,BUSINESS,3.4,22,,"1,000+",Free,0.0,3,Business,"May 23, 2017",1.9,4.0.3 and up,3
The CW TV app,FAMILY,3.2,24,,"5,000+",Free,0.0,3,Entertainment,"July 28, 2018",1.1,3.2 and up,3
My CW,TOOLS,3.0,1,,100+,Free,0.0,3,Tools,"October 27, 2016",2.35.1,4.1 and up,3
CW Nuclear,BOOKS_AND_REFERENCE,3.3,15,,"1,000+",Free,0.0,3,Books & Reference,"November 17, 2017",1.2,4.0 and up,3
CW Deposit,BUSINESS,3.0,4,,"1,000+",Free,0.0,3,Business,"February 6, 2014",2.1.5,2.1 and up,3
SYFY,FAMILY,3.2,3069,,"500,000+",Free,0.0,3,Entertainment,"May 24, 2018",3.3.1.41,4.4 and up,3
AMC,FAMILY,3.2,20843,,"1,000,000+",Free,0.0,3,Entertainment,"August 2, 2018",3.3.85 (2),4.4 and up,3
ABC ‚Äì Live TV & Full Episodes,FAMILY,3.3,50428,,"5,000,000+",Free,0.0,3,Entertainment,"July 25, 2018",Varies with device,5.0 and up,3
Cathay Pacific,TRAVEL_AND_LOCAL,3.3,4069,,"1,000,000+",Free,0.0,3,Travel & Local,"July 25, 2018",6.6.1,4.3 and up,3
CX-WiFi720P,FAMILY,3.1,47,,"10,000+",Free,0.0,3,Entertainment,"November 14, 2015",2.0,2.2 and up,3
CX-60,FAMILY,3.1,19,,"1,000+",Free,0.0,3,Casual,"May 9, 2017",1.6,2.3 and up,3
ACTIVEON CX & CX GOLD,VIDEO_PLAYERS,3.3,439,,"50,000+",Free,0.0,3,Video Players & Editors,"March 4, 2016",0.7.9,4.0 and up,3
CX-10DS,FAMILY,3.4,12,,"1,000+",Free,0.0,3,Casual,"September 15, 2017",1.5_6,4.0 and up,3
CX-40,FAMILY,3.0,2,,100+,Free,0.0,3,Entertainment,"December 14, 2017",3.0,4.0 and up,3
CY.SEND Online Top Up,FINANCE,3.2,191,,"10,000+",Free,0.0,3,Finance,"January 25, 2018",4.5.6,4.0 and up,3
McDelivery Cyprus,FOOD_AND_DRINK,3.3,60,,"10,000+",Free,0.0,3,Food & Drink,"May 14, 2018",3.1.46 (CY02),4.3 and up,3
KFC CZ,LIFESTYLE,2.8,1189,,"100,000+",Free,0.0,3,Lifestyle,"June 27, 2018",5.1.0,4.0.3 and up,3
Skylink Live TV CZ,FAMILY,3.3,2802,,"100,000+",Free,0.0,3,Entertainment,"July 11, 2018",5.0,4.3 and up,3
Rande.cz,SOCIAL,3.2,398,,"50,000+",Free,0.0,3,Social,"December 3, 2014",1.0.1,2.3.3 and up,3
MYTO CZ,MAPS_AND_NAVIGATION,2.9,30,,"5,000+",Free,0.0,3,Maps & Navigation,"February 17, 2016",1.2,4.1 and up,3
DB Browser,TOOLS,3.3,236,,"50,000+",Free,0.0,3,Tools,"September 20, 2011",1.6,2.1 and up,3
DB LINK RGB,TOOLS,2.7,7,,500+,Free,0.0,3,Tools,"June 19, 2017",1.0.2,4.4 and up,3
DC Metro,MAPS_AND_NAVIGATION,3.4,59,,"10,000+",Free,0.0,3,Maps & Navigation,"January 26, 2015",1.0,1.5 and up,3
DC Trails-Hop On Hop Off Tours,TRAVEL_AND_LOCAL,3.1,16,,"5,000+",Free,0.0,3,Travel & Local,"August 1, 2018",1.4.9,4.0.3 and up,3
Scratch Logo Quiz. Challenging brain puzzle,GAME,3.3,152102,,"10,000,000+",Free,0.0,3,Trivia,"June 30, 2018",4.16,4.1 and up,3
DG UPnP Player Free,VIDEO_PLAYERS,3.2,39,,"10,000+",Free,0.0,3,Video Players & Editors,"March 18, 2016",2.0,4.0.3 and up,3
Go Go Coupons - Free Coupon and Discount,SHOPPING,3.0,4,,"1,000+",Free,0.0,3,Shopping,"July 1, 2018",10.0,4.0 and up,3
DG Screen Recorder,VIDEO_PLAYERS,3.3,12,,500+,Free,0.0,3,Video Players & Editors,"October 20, 2015",1.7,5.0 and up,3
Roland DG Mobile Panel,TOOLS,2.8,27,,"1,000+",Free,0.0,3,Tools,"February 20, 2018",1.42,4.4 and up,3
Coupon Mob - Discount Coupons,SHOPPING,3.0,2,,100+,Free,0.0,3,Shopping,"May 30, 2018",6.0,3.0 and up,3
DG Cars,TRAVEL_AND_LOCAL,2.6,122,,"10,000+",Free,0.0,3,Travel & Local,"June 8, 2018",31.11.9.156,4.1 and up,3
DH UFO,FAMILY,3.0,4,,"1,000+",Free,0.0,3,Entertainment,"June 8, 2017",1,4.1 and up,3
DrivingTest,FAMILY,2.9,975,,"100,000+",Free,0.0,3,Simulation,"February 27, 2017",5,4.1 and up,3
DK 15 Minute Language Course,FAMILY,2.8,21,,"1,000+",Free,0.0,3,Education,"April 6, 2018",1.0.0.5,4.0.3 and up,3
Bilingual Dictionary Audio App,BOOKS_AND_REFERENCE,2.7,68,,"5,000+",Free,0.0,3,Books & Reference,"May 2, 2018",1.0.0.22,4.1 and up,3
English for Everyone,FAMILY,3.2,429,,"10,000+",Free,0.0,3,Education,"July 6, 2018",3.9.1,4.4 and up,3
Visuelles W√∂rterbuch Audio-App,FAMILY,3.1,192,,"10,000+",Free,0.0,3,Education,"July 7, 2017",1.1.6,4.1 and up,3
e-Boks.dk,PRODUCTIVITY,3.2,6752,,"1,000,000+",Free,0.0,3,Productivity,"March 21, 2018",3.5.2,4.0.3 and up,3
NY mobilbank DK - Danske Bank,FINANCE,2.8,851,,"100,000+",Free,0.0,3,Finance,"June 26, 2018",0.38.1,4.3 and up,3
DM Me - Chat,SOCIAL,2.9,90,,"10,000+",Free,0.0,3,Social,"July 9, 2018",1.0,4.0.3 and up,3
DM airdisk,TOOLS,2.8,11,,"1,000+",Free,0.0,3,Tools,"August 5, 2016",1.7.2,3.0 and up,3
Auto DM for Twitter üî•,SOCIAL,3.4,44,,"1,000+",Free,0.0,3,Social,"May 21, 2018",HTTPs,4.1 and up,3
DM HiDisk,TOOLS,2.8,54,,"5,000+",Free,0.0,3,Tools,"June 7, 2018",1.1.2,4.0.3 and up,3
DM airdisk Pro,TOOLS,3.2,11,,"1,000+",Free,0.0,3,Tools,"September 20, 2017",2.4.0,4.0.3 and up,3
DM Storage (for twitter),SOCIAL,3.2,6,,100+,Free,0.0,3,Social,"November 26, 2014",1.0,4.1 and up,3
DM Tuning,SPORTS,3.3,64,,"5,000+",Free,0.0,3,Sports,"April 4, 2018",1.9.1,6.0 and up,3
DN,NEWS_AND_MAGAZINES,3.3,78,,"10,000+",Free,0.0,3,News & Magazines,"July 2, 2018",3.2.1.258,5.0 and up,3
DN eAvis,NEWS_AND_MAGAZINES,2.9,61,,"10,000+",Free,0.0,3,News & Magazines,"February 1, 2017",2.0.0,4.1 and up,3
DN.VR,NEWS_AND_MAGAZINES,3.0,29,,"5,000+",Free,0.0,3,News & Magazines,"May 23, 2018",2.1.1,5.0 and up,3
Svenska Dagbladet,NEWS_AND_MAGAZINES,2.6,820,,"100,000+",Free,0.0,3,News & Magazines,"February 13, 2018",Varies with device,Varies with device,3
ES Remote,FAMILY,3.3,707,,"100,000+",Free,0.0,3,Entertainment,"November 20, 2014",2.1.1,2.3 and up,3
do,FAMILY,3.1,1073,,"100,000+",Free,0.0,3,Strategy,"June 8, 2016",1.0.4,4.0 and up,3
Discovery Insure,MAPS_AND_NAVIGATION,2.8,1911,,"100,000+",Free,0.0,3,Maps & Navigation,"March 17, 2018",di-v3.4.0.4,4.3 and up,3
ODTMobile,BUSINESS,3.4,15,,"10,000+",Free,0.0,3,Business,"March 10, 2016",3.2,2.2 and up,3
Arby's,FOOD_AND_DRINK,3.1,194,,"100,000+",Free,0.0,3,Food & Drink,"July 12, 2018",1.3.1,4.4 and up,3
Find Fast Food,SHOPPING,3.3,272,,"100,000+",Free,0.0,3,Shopping,"November 11, 2012",1.1.6,2.2 and up,3
Wendy‚Äôs ‚Äì Food and Offers,FOOD_AND_DRINK,3.4,6512,,"1,000,000+",Free,0.0,3,Food & Drink,"April 12, 2018",5.7.0,4.4 and up,3
DR TV,VIDEO_PLAYERS,3.3,6716,,"500,000+",Free,0.0,3,Video Players & Editors,"June 25, 2018",3.0.6,4.4 and up,3
DR CONTROL,FAMILY,3.4,267,,"10,000+",Free,0.0,3,Entertainment,"March 8, 2017",2.1.0,4.0.3 and up,3
Dr. Shogi,GAME,3.3,19291,,"1,000,000+",Free,0.0,3,Board,"January 2, 2018",1.24,4.1 and up,3
nds4droid,GAME,3.4,107778,,"10,000,000+",Free,0.0,3,Arcade,"February 12, 2016",47,2.3.3 and up,3
MegaNDS (NDS Emulator),GAME,3.4,2218,,"500,000+",Free,0.0,3,Arcade,"October 18, 2017",2.0,4.0 and up,3
DS get,TOOLS,3.4,71852,,"5,000,000+",Free,0.0,3,Tools,"May 23, 2018",1.12.0,4.1 and up,3
DS cloud,TOOLS,3.2,4908,,"500,000+",Free,0.0,3,Tools,"May 23, 2018",2.8.0,4.0 and up,3
Synology Drive,PRODUCTIVITY,3.2,368,,"100,000+",Free,0.0,3,Productivity,"August 2, 2018",Varies with device,5.0 and up,3
DS Connector 2.0,TOOLS,2.6,5,,500+,Free,0.0,3,Tools,"March 23, 2018",2.0.180226.1,4.2 and up,3
DS Tower Defence,GAME,3.2,768,,"100,000+",Free,0.0,3,Arcade,"June 5, 2013",1.0,1.5 and up,3
NDS-controller,TOOLS,3.3,35,,"1,000+",Free,0.0,3,Tools,"October 23, 2017",0.2,2.2 and up,3
DT Fieldlink,BUSINESS,3.0,2,,500+,Free,0.0,3,Business,"September 19, 2017",2.1.1,4.1 and up,3
dt.se,NEWS_AND_MAGAZINES,3.1,124,,"10,000+",Free,0.0,3,News & Magazines,"June 29, 2018",4.9.0,4.1 and up,3
Portes du Soleil,SPORTS,3.1,500,,"50,000+",Free,0.0,3,Sports,"February 16, 2018",10.012,4.1 and up,3
Selfie DV,TOOLS,2.8,29,,"1,000+",Free,0.0,3,Tools,"April 24, 2017",2.3.26,4.0.3 and up,3
Porch DV,HOUSE_AND_HOME,2.8,5,,"1,000+",Free,0.0,3,House & Home,"June 2, 2018",1.0,4.1 and up,3
SDV Cam,TOOLS,3.2,67,,"10,000+",Free,0.0,3,Tools,"June 2, 2017",1.0.8,4.0.3 and up,3
XDV,PHOTOGRAPHY,3.1,6827,,"1,000,000+",Free,0.0,3,Photography,"April 20, 2018",1.9.5,2.3 and up,3
DV Lottery Photo,VIDEO_PLAYERS,2.9,23,,"5,000+",Free,0.0,3,Video Players & Editors,"December 16, 2016",1.1,3.0 and up,3
Wifi Action Camera,PHOTOGRAPHY,2.9,118,,"50,000+",Free,0.0,3,Photography,"July 24, 2018",1.3.5,4.0 and up,3
DV KING,PHOTOGRAPHY,3.0,2,,100+,Free,0.0,3,Photography,"September 19, 2017",1.0.0,2.2 and up,3
DENVER ACTION CAM 3,PHOTOGRAPHY,2.9,66,,"10,000+",Free,0.0,3,Photography,"November 16, 2016",1.0.2,2.2 and up,3
SportCAM,TOOLS,3.2,427,,"100,000+",Free,0.0,3,Tools,"May 4, 2018",1.7.6,2.2 and up,3
DW Mobile,BUSINESS,2.7,33,,"10,000+",Free,0.0,3,Business,"January 23, 2018",Varies with device,Varies with device,3
DW VMAX,TOOLS,3.4,843,,"100,000+",Free,0.0,3,Tools,"May 4, 2017",3.7.1,2.2 and up,3
DW Spectrum‚Ñ¢ IP VMS,BUSINESS,3.4,102,,"10,000+",Free,0.0,3,Business,"April 14, 2016",2.5.0-prod,2.2 and up,3
DX,SHOPPING,3.1,6697,,"500,000+",Free,0.0,3,Shopping,"February 1, 2018",4.2.1,4.0 and up,3
Dy So Exam,FAMILY,3.0,6,,"1,000+",Free,0.0,3,Education,"July 3, 2017",1.0,2.3 and up,3
edp re:dy,TOOLS,3.0,172,,"10,000+",Free,0.0,3,Tools,"June 20, 2018",Varies with device,Varies with device,3
edp re:dy smarthome,TOOLS,3.4,30,,"5,000+",Free,0.0,3,Tools,"June 7, 2017",1.2.2,4.1 and up,3
Mass Effect: Andromeda APEX HQ,GAME,3.4,4490,,"100,000+",Free,0.0,3,Action,"September 21, 2017",1.18.1,4.1 and up,3
Mirror‚Äôs Edge‚Ñ¢ Companion,GAME,3.4,1995,,"100,000+",Free,0.0,3,Action,"June 28, 2016",1.2.2,4.4 and up,3
EB Events,TRAVEL_AND_LOCAL,3.3,97,,"10,000+",Free,0.0,3,Travel & Local,"January 27, 2016",1.6,4.0 and up,3
TANGEDCO Mobile App (Official),BUSINESS,3.3,2915,,"500,000+",Free,0.0,3,Business,"November 3, 2017",1.0.2,4.4 and up,3
Punjab Online - Land Records ‚Ä¢ EB Bill Pay ‚Ä¢ RC/DL,TOOLS,3.4,16,,"5,000+",Free,0.0,3,Tools,"August 7, 2018",1.0,5.0 and up,3
EC - Encumbrance Search - telangana state,BUSINESS,3.4,45,,"10,000+",Free,0.0,3,Business,"June 18, 2017",1.0,2.3 and up,3
EC-HRV test,SPORTS,3.0,9,,"1,000+",Free,0.0,3,Sports,"July 26, 2018",3.9.13,4.4 and up,3
AP Stamps and Registration,BOOKS_AND_REFERENCE,3.4,82,,"10,000+",Free,0.0,3,Books & Reference,"March 27, 2018",2.0,3.0 and up,3
My EF,FAMILY,3.3,4114,,"100,000+",Free,0.0,3,Education,"July 10, 2018",3.29,4.2 and up,3
My EF Center,FAMILY,2.8,89,,"10,000+",Free,0.0,3,Education,"July 23, 2018",1.10.0,4.4 and up,3
EF Classroom,FAMILY,3.2,190,,"50,000+",Free,0.0,3,Education,"July 23, 2018",3.0.0.2927,5.0 and up,3
EF English Live Business Tablet,FAMILY,3.3,279,,"10,000+",Free,0.0,3,Education,"December 25, 2017",1.6.6,4.4 and up,3
EF English Live for tablets,FAMILY,3.1,1242,,"50,000+",Free,0.0,3,Education,"April 24, 2018",1.7.0,4.4 and up,3
EF Teacher,FAMILY,3.1,16,,"1,000+",Free,0.0,3,Education,"April 19, 2018",1.6,4.1 and up,3
EF Sidekick,VIDEO_PLAYERS,3.1,36,,"5,000+",Free,0.0,3,Video Players & Editors,"March 20, 2017",Varies with device,Varies with device,3
EF-myHR,FINANCE,2.9,26,,"1,000+",Free,0.0,3,Finance,"February 21, 2018",1.0.38,4.0 and up,3
EF Spelling Bee,FAMILY,3.0,2,,500+,Free,0.0,3,Education;Education,"October 12, 2017",1.2.2,4.3 and up,3
Education First FCU Mobile,FINANCE,2.9,204,,"10,000+",Free,0.0,3,Finance,"May 9, 2018",18.1.79,5.0 and up,3
Agenda EF,FAMILY,3.4,79,,"5,000+",Free,0.0,3,Education,"May 27, 2015",1.03,3.0 and up,3
"EG SIM CARD (EGSIMCARD, Ïù¥ÏßÄÏã¨Ïπ¥Îìú)",BUSINESS,2.9,322,,"50,000+",Free,0.0,3,Business,"March 28, 2017",2.13,2.2 and up,3
Energenie EG-PM1W Setup Wizard,TOOLS,3.1,17,,"1,000+",Free,0.0,3,Tools,"October 10, 2014",1.8 (2014-10-10 11:10:51 +0400),2.2 and up,3
Alipay,FINANCE,3.4,42497,,"1,000,000+",Free,0.0,3,Finance,"July 2, 2018",10.1.28.560,4.3 and up,3
My Little Pony AR Guide,BOOKS_AND_REFERENCE,3.3,7993,,"1,000,000+",Free,0.0,3,Books & Reference,"November 3, 2017",1.0.6,4.0 and up,3
EH kontrollrakendus,TOOLS,3.4,43,,"5,000+",Free,0.0,3,Tools,"October 10, 2017",3.1.8,4.1 and up,3
Camping RV Caravan Parking 3D,GAME,3.3,5290,,"500,000+",Free,0.0,3,Racing,"December 18, 2014",1.3,2.3 and up,3
TAMAGO,FAMILY,3.0,42515,,"5,000,000+",Free,0.0,3,Casual,"May 23, 2018",1.0.3,2.3.3 and up,3
Ei Electronics AudioLINK,TOOLS,3.4,59,,"10,000+",Free,0.0,3,Tools,"October 19, 2017",2.3.1,4.0 and up,3
Tamago egg,GAME,3.0,49,,"5,000+",Free,0.0,3,Trivia,"October 31, 2017",1.0.1,2.3.3 and up,3
Let's Poke The Egg,GAME,3.4,9051,,"1,000,000+",Free,0.0,3,Arcade,"February 4, 2017",1.2,2.3 and up,3
Egg,FAMILY,2.9,72,,"5,000+",Free,0.0,3,Simulation,"June 9, 2018",1.2.2,2.3 and up,3
Egg for Pou,FAMILY,3.0,59096,,"5,000,000+",Free,0.0,3,Casual,"September 14, 2017",Varies with device,4.0.3 and up,3
Crack the blue angry birds egg,FAMILY,3.2,85,,"10,000+",Free,0.0,3,Puzzle,"April 22, 2016",1.0.0,2.1 and up,3
Tap The Easter Egg!,FAMILY,3.2,111,,"5,000+",Free,0.0,3,Casual,"March 18, 2016",1.7,2.3 and up,3
Break the Egg,FAMILY,2.6,366,,"50,000+",Free,0.0,3,Entertainment,"January 5, 2018",1.0,4.0 and up,3
EJ Elite Prospects League,SPORTS,3.3,3,,"1,000+",Free,0.0,3,Sports,"February 23, 2018",5.5.4,4.1 and up,3
Ek Kahani Aisi Bhi Season 3 - The Horror Story,FAMILY,3.0,1,,100+,Free,0.0,3,Entertainment,"July 21, 2018",1.1,5.0 and up,3
EL AL Flights,TRAVEL_AND_LOCAL,3.1,1563,,"100,000+",Free,0.0,3,Travel & Local,"May 24, 2018",4.3,4.2 and up,3
DreamStream By EL AL,TRAVEL_AND_LOCAL,3.4,595,,"100,000+",Free,0.0,3,Travel & Local,"January 18, 2016",3.4.20.6 / BuyDRM Labgency 4.8.22 / PED,4.0 and up,3
EL NORTE,NEWS_AND_MAGAZINES,3.4,2436,,"100,000+",Free,0.0,3,News & Magazines,"June 26, 2018",Varies with device,Varies with device,3
Nuke Em All,FAMILY,3.4,2714,,"500,000+",Free,0.0,3,Casual,"November 19, 2017",1.1.8,4.1 and up,3
EO Global,BUSINESS,2.6,13,,"1,000+",Free,0.0,3,Business,"October 20, 2016",3.2,4.1 and up,3
EP Spotter,FAMILY,3.4,9,,500+,Free,0.0,3,Entertainment,"September 28, 2016",314007,4.3 and up,3
ER Doctor Kids Emergency Room,FAMILY,3.1,4798,,"500,000+",Free,0.0,3,Casual,"June 13, 2018",1.9,4.0.3 and up,3
Nose Surgery ER Simulator Lite,FAMILY,3.1,269,,"50,000+",Free,0.0,3,Educational,"June 3, 2017",1.0,4.0 and up,3
Fill 'er Up,TRAVEL_AND_LOCAL,3.2,58,,"5,000+",Free,0.0,3,Travel & Local,"February 27, 2017",1.1,1.6 and up,3
Ankle Surgery ER Emergency,FAMILY,3.3,10449,,"1,000,000+",Free,0.0,3,Educational,"December 2, 2016",1.7,2.3 and up,3
2019 Tricks Es File Explores,TOOLS,3.0,4,,"1,000+",Free,0.0,3,Tools,"March 16, 2016",1.0,2.2 and up,3
ESLock File Recovery Lite,PRODUCTIVITY,3.0,460,,"50,000+",Free,0.0,3,Productivity,"January 5, 2016",1.5.9,4.0.3 and up,3
EU Flags Free Live Wallpaper,PERSONALIZATION,3.4,730,,"100,000+",Free,0.0,3,Personalization,"November 18, 2013",1.95,2.1 and up,3
EURES - Your Job in Europe,BUSINESS,2.7,358,,"50,000+",Free,0.0,3,Business,"September 18, 2017",1.4.1,2.3.3 and up,3
EU VAT Checker,BUSINESS,3.1,7,,"1,000+",Free,0.0,3,Business,"October 12, 2011",1,1.6 and up,3
Going Abroad,FAMILY,3.0,606,,"50,000+",Free,0.0,3,Educational,"August 16, 2016",1.2,4.0 and up,3
Qserve EU MDR First Aid,BUSINESS,3.0,2,,100+,Free,0.0,3,Business,"May 11, 2017",1.2.22,4.1 and up,3
EV Connect,MAPS_AND_NAVIGATION,2.8,25,,"1,000+",Free,0.0,3,Maps & Navigation,"August 6, 2018",2.10.0,5.0 and up,3
HondaLink EV,TOOLS,2.8,44,,"10,000+",Free,0.0,3,Tools,"June 20, 2018",3.8,2.3 and up,3
Emerge EV App (eBike App),LIFESTYLE,3.0,26,,"1,000+",Free,0.0,3,Lifestyle,"May 15, 2018",Varies with device,6.0 and up,3
EV Trip Optimizer for Tesla,AUTO_AND_VEHICLES,3.2,46,,"1,000+",Free,0.0,3,Auto & Vehicles,"June 26, 2018",3.4,4.1 and up,3
ELMO EV Charging,MAPS_AND_NAVIGATION,3.4,14,,"1,000+",Free,0.0,3,Maps & Navigation,"January 25, 2018",2.1.05,4.0.3 and up,3
Bolt - EV Charging Service,AUTO_AND_VEHICLES,3.0,9,,100+,Free,0.0,3,Auto & Vehicles,"March 23, 2018",2.2.0,5.0 and up,3
German Vocabulary Trainer,FAMILY,3.3,1218,,"100,000+",Free,0.0,3,Education,"August 24, 2012",1.0,2.1 and up,3
EW Widgets for Zooper,TOOLS,3.4,5,,100+,Free,0.0,3,Tools,"December 3, 2016",1.0.2,4.0.3 and up,3
EdiRange,TOOLS,3.0,736,,"100,000+",Free,0.0,3,Tools,"July 5, 2017",1.11,4.0.3 and up,3
No Pimple - Fun games,FAMILY,3.3,24091,,"5,000,000+",Free,0.0,3,Casual,"August 4, 2016",1.1.0,2.3 and up,3
EY GlobalOne,BUSINESS,2.7,11,,"1,000+",Free,0.0,3,Business,"November 27, 2017",3.1.0,2.2 and up,3
Everbridge,COMMUNICATION,3.1,497,,"100,000+",Free,0.0,3,Communication,"July 17, 2018",8.6.2,4.4 and up,3
EZ Thanks,BUSINESS,3.2,116,,"10,000+",Free,0.0,3,Business,"June 13, 2018",Varies with device,Varies with device,3
EZ Inspections,PRODUCTIVITY,2.8,160,,"10,000+",Free,0.0,3,Productivity,"July 27, 2018",4.5.24,4.2 and up,3
EZ-ELD Update,AUTO_AND_VEHICLES,3.1,14,,"1,000+",Free,0.0,3,Auto & Vehicles,"February 9, 2018",16.00,4.3 and up,3
EZ Display,PRODUCTIVITY,2.9,280,,"50,000+",Free,0.0,3,Productivity,"November 14, 2014",1.0.0.457,4.0 and up,3
ez Share Android app,PHOTOGRAPHY,3.3,1461,,"100,000+",Free,0.0,3,Photography,"August 31, 2017",3.2.6,2.3 and up,3
EZ-SEE,VIDEO_PLAYERS,2.8,71,,"10,000+",Free,0.0,3,Video Players & Editors,"July 18, 2018",3.08,5.0 and up,3
Ez Texting,BUSINESS,3.3,49,,"10,000+",Free,0.0,3,Business,"January 18, 2012",0.59,2.1 and up,3
Ez iCam,PHOTOGRAPHY,3.1,7300,,"1,000,000+",Free,0.0,3,Photography,"January 12, 2018",V4.1.0,5.0 and up,3
EZ View,BUSINESS,3.0,287,,"50,000+",Free,0.0,3,Business,"October 26, 2015",1.0.0.32,4.0 and up,3
EZ TAG Express,TRAVEL_AND_LOCAL,3.2,86,,"10,000+",Free,0.0,3,Travel & Local,"May 17, 2018",2.5.186032,4.4 and up,3
My EZ-Link Mobile,LIFESTYLE,2.8,3187,,"100,000+",Free,0.0,3,Lifestyle,"January 27, 2017",1.0.11,4.0 and up,3
EZ-Placard - Free Placard Calculator,TOOLS,2.9,7,,"1,000+",Free,0.0,3,Tools,"October 26, 2017",2,4.1 and up,3
Il Coccodrillo Come Fa,FAMILY,3.4,17,,"1,000+",Free,0.0,3,Entertainment,"November 21, 2014",1.0,4.0 and up,3
Who Viewed My FB Profile,FAMILY,3.4,121,,"10,000+",Free,0.0,3,Entertainment,"December 26, 2017",2.0,4.0.3 and up,3
"Unlimited Group Links - Whatsapp, FB, Telegram",SOCIAL,3.4,44,,"10,000+",Free,0.0,3,Social,"July 3, 2018",4.0,4.0.3 and up,3
Seattle Sounders FC,SPORTS,3.3,974,,"10,000+",Free,0.0,3,Sports,"August 1, 2018",2018.0.12,4.1 and up,3
Toronto FC,SPORTS,3.4,144,,"10,000+",Free,0.0,3,Sports,"May 11, 2018",4.2.5,4.3 and up,3
FD e-paper,NEWS_AND_MAGAZINES,3.1,183,,"10,000+",Free,0.0,3,News & Magazines,"July 4, 2018",2.2.9,4.1 and up,3
FE Civil Engineering Exam Prep,FAMILY,2.8,9,,"1,000+",Free,0.0,3,Education,"July 27, 2018",5.33.3669,5.0 and up,3
FE Mobile,BUSINESS,3.0,2,,10+,Free,0.0,3,Business,"July 10, 2018",1.4.5,4.1 and up,3
FE CPS,FINANCE,3.0,62,,"10,000+",Free,0.0,3,Finance,"June 26, 2017",0.1.8,4.0 and up,3
FG Mobile,FAMILY,3.3,130,,"5,000+",Free,0.0,3,Education,"December 21, 2017",2.0.0,4.0 and up,3
FH WiFiCam,PHOTOGRAPHY,2.6,201,,"10,000+",Free,0.0,3,Photography,"May 2, 2017",2.1,4.1 and up,3
Real Airplane Flight Simulator: Pilot Games,FAMILY,3.3,21735,,"1,000,000+",Free,0.0,3,Simulation,"July 11, 2018",1.0.03,4.0 and up,3
Safe Wi-Fi,PRODUCTIVITY,2.9,32,,"1,000+",Free,0.0,3,Productivity,"August 3, 2018",1.3.22,4.4 and up,3
fi,FAMILY,2.9,691,,"100,000+",Free,0.0,3,Strategy,"June 8, 2016",1.0.3,4.0 and up,3
Jazz Wi-Fi,COMMUNICATION,3.4,49,,"10,000+",Free,0.0,3,Communication,"February 10, 2017",0.1,2.3 and up,3
Sat-Fi Voice,COMMUNICATION,3.4,37,,"1,000+",Free,0.0,3,Communication,"November 21, 2014",2.2.1.5,2.2 and up,3
Lennox iComfort Wi-Fi,LIFESTYLE,3.0,552,,"50,000+",Free,0.0,3,Lifestyle,"March 22, 2017",2.0.15,2.3.3 and up,3
Sci Fi Sounds,FAMILY,3.2,4,,"1,000+",Free,0.0,3,Entertainment,"November 2, 2017",1.0,4.0 and up,3
Florida 511,TOOLS,3.2,148,,"50,000+",Free,0.0,3,Tools,"August 14, 2017",1.0.18,4.0.3 and up,3
Florida Statutes (FL Code),BOOKS_AND_REFERENCE,3.2,5,,"1,000+",Free,0.0,3,Books & Reference,"October 21, 2017",1.5,4.4 and up,3
FL Drone 2,PHOTOGRAPHY,3.3,41,,"5,000+",Free,0.0,3,Photography,"August 17, 2017",1.0.7,2.2 and up,3
Alachua County Sheriff FL,LIFESTYLE,3.2,5,,100+,Free,0.0,3,Lifestyle,"May 13, 2015",1.0,4.0 and up,3
Employ Florida Mobile,BUSINESS,2.9,97,,"10,000+",Free,0.0,3,Business,"June 13, 2018",4.5.9,4.0.3 and up,3
Florida Blue,HEALTH_AND_FITNESS,3.2,499,,"100,000+",Free,0.0,3,Health & Fitness,"July 10, 2018",4.2.1,7.0 and up,3
Florida Today,NEWS_AND_MAGAZINES,3.3,202,,"10,000+",Free,0.0,3,News & Magazines,"June 20, 2018",5.9.5,5.0 and up,3
FN Cam,PHOTOGRAPHY,3.4,181,,"10,000+",Free,0.0,3,Photography,"January 13, 2016",1.1.5,4.0.3 and up,3
SB ¬∑ FN 1870 Mobile Banking,FINANCE,2.9,139,,"10,000+",Free,0.0,3,Finance,"June 19, 2017",3.0.5,4.0 and up,3
Fo Fo Fish,GAME,3.4,5,,50+,Free,0.0,3,Arcade,"August 25, 2015",1.0,2.3 and up,3
FarmersOnly Dating,DATING,3.0,1145,,"100,000+",Free,0.0,3,Dating,"February 25, 2016",2.2,4.0 and up,3
FP BW LCD View,FAMILY,3.4,16,,500+,Free,0.0,3,Entertainment,"March 31, 2016",1.0,4.0.3 and up,3
Fisher-Price¬Æ Smart Connect‚Ñ¢,TOOLS,2.7,422,,"50,000+",Free,0.0,3,Tools,"February 23, 2018",2.4.1,4.4 and up,3
Chat For Strangers - Video Chat,SOCIAL,3.4,622,,"100,000+",Free,0.0,3,Social,"May 23, 2018",Varies with device,Varies with device,3
FreedomPop Diagnostics,TOOLS,2.9,452,,"100,000+",Free,0.0,3,Tools,"July 17, 2017",1.03.123.0713,4.0.3 and up,3
Fanfic-FR,BOOKS_AND_REFERENCE,3.3,52,,"5,000+",Free,0.0,3,Books & Reference,"August 5, 2017",0.3.4,4.1 and up,3
Manga-FR - Anime Vostfr,COMICS,3.4,291,,"10,000+",Free,0.0,3,Comics,"May 15, 2017",2.0.1,4.0 and up,3
